{
  "Post Books" : {
    "transaction" : "Post Books",
    "sampleCount" : 10,
    "errorCount" : 0,
    "errorPct" : 0.0,
    "meanResTime" : 37.5,
    "medianResTime" : 36.5,
    "minResTime" : 34.0,
    "maxResTime" : 48.0,
    "pct1ResTime" : 47.2,
    "pct2ResTime" : 48.0,
    "pct3ResTime" : 48.0,
    "throughput" : 185.18518518518516,
    "receivedKBytesPerSec" : 149.08854166666666,
    "sentKBytesPerSec" : 75.30381944444444
  },
  "Get ALL Books" : {
    "transaction" : "Get ALL Books",
    "sampleCount" : 10,
    "errorCount" : 0,
    "errorPct" : 0.0,
    "meanResTime" : 1118.1,
    "medianResTime" : 1132.0,
    "minResTime" : 681.0,
    "maxResTime" : 1439.0,
    "pct1ResTime" : 1438.5,
    "pct2ResTime" : 1439.0,
    "pct3ResTime" : 1439.0,
    "throughput" : 6.738544474393532,
    "receivedKBytesPerSec" : 5965.710416315701,
    "sentKBytesPerSec" : 1.177929161051213
  },
  "PUT Book" : {
    "transaction" : "PUT Book",
    "sampleCount" : 10,
    "errorCount" : 0,
    "errorPct" : 0.0,
    "meanResTime" : 39.4,
    "medianResTime" : 38.0,
    "minResTime" : 34.0,
    "maxResTime" : 53.0,
    "pct1ResTime" : 52.1,
    "pct2ResTime" : 53.0,
    "pct3ResTime" : 53.0,
    "throughput" : 188.67924528301887,
    "receivedKBytesPerSec" : 151.90153301886792,
    "sentKBytesPerSec" : 76.92732900943396
  },
  "Delete Book" : {
    "transaction" : "Delete Book",
    "sampleCount" : 10,
    "errorCount" : 0,
    "errorPct" : 0.0,
    "meanResTime" : 36.8,
    "medianResTime" : 35.0,
    "minResTime" : 33.0,
    "maxResTime" : 45.0,
    "pct1ResTime" : 44.5,
    "pct2ResTime" : 45.0,
    "pct3ResTime" : 45.0,
    "throughput" : 181.8181818181818,
    "receivedKBytesPerSec" : 108.4872159090909,
    "sentKBytesPerSec" : 47.42542613636363
  },
  "Total" : {
    "transaction" : "Total",
    "sampleCount" : 50,
    "errorCount" : 0,
    "errorPct" : 0.0,
    "meanResTime" : 269.23999999999995,
    "medianResTime" : 41.5,
    "minResTime" : 33.0,
    "maxResTime" : 1439.0,
    "pct1ResTime" : 1183.1999999999998,
    "pct2ResTime" : 1402.0999999999997,
    "pct3ResTime" : 1439.0,
    "throughput" : 28.425241614553723,
    "receivedKBytesPerSec" : 5075.128135659466,
    "sentKBytesPerSec" : 8.111742289653213
  },
  "Get Book" : {
    "transaction" : "Get Book",
    "sampleCount" : 10,
    "errorCount" : 0,
    "errorPct" : 0.0,
    "meanResTime" : 114.39999999999999,
    "medianResTime" : 116.0,
    "minResTime" : 68.0,
    "maxResTime" : 174.0,
    "pct1ResTime" : 173.0,
    "pct2ResTime" : 174.0,
    "pct3ResTime" : 174.0,
    "throughput" : 55.248618784530386,
    "receivedKBytesPerSec" : 287.1147703729282,
    "sentKBytesPerSec" : 9.771020372928177
  }
}