{
  "Post Books" : {
    "transaction" : "Post Books",
    "sampleCount" : 10,
    "errorCount" : 0,
    "errorPct" : 0.0,
    "meanResTime" : 36.699999999999996,
    "medianResTime" : 35.5,
    "minResTime" : 33.0,
    "maxResTime" : 44.0,
    "pct1ResTime" : 43.6,
    "pct2ResTime" : 44.0,
    "pct3ResTime" : 44.0,
    "throughput" : 35.08771929824561,
    "receivedKBytesPerSec" : 28.244928728070178,
    "sentKBytesPerSec" : 14.26466557017544
  },
  "Get ALL Books" : {
    "transaction" : "Get ALL Books",
    "sampleCount" : 10,
    "errorCount" : 0,
    "errorPct" : 0.0,
    "meanResTime" : 1748.5000000000002,
    "medianResTime" : 1751.0,
    "minResTime" : 1635.0,
    "maxResTime" : 1878.0,
    "pct1ResTime" : 1874.5,
    "pct2ResTime" : 1878.0,
    "pct3ResTime" : 1878.0,
    "throughput" : 5.307855626326964,
    "receivedKBytesPerSec" : 4719.926125431263,
    "sentKBytesPerSec" : 0.9278380440552018
  },
  "PUT Book" : {
    "transaction" : "PUT Book",
    "sampleCount" : 10,
    "errorCount" : 0,
    "errorPct" : 0.0,
    "meanResTime" : 36.5,
    "medianResTime" : 35.5,
    "minResTime" : 33.0,
    "maxResTime" : 42.0,
    "pct1ResTime" : 41.8,
    "pct2ResTime" : 42.0,
    "pct3ResTime" : 42.0,
    "throughput" : 35.3356890459364,
    "receivedKBytesPerSec" : 28.447990282685517,
    "sentKBytesPerSec" : 14.406884938162545
  },
  "Delete Book" : {
    "transaction" : "Delete Book",
    "sampleCount" : 10,
    "errorCount" : 0,
    "errorPct" : 0.0,
    "meanResTime" : 38.199999999999996,
    "medianResTime" : 35.5,
    "minResTime" : 34.0,
    "maxResTime" : 53.0,
    "pct1ResTime" : 51.900000000000006,
    "pct2ResTime" : 53.0,
    "pct3ResTime" : 53.0,
    "throughput" : 35.587188612099645,
    "receivedKBytesPerSec" : 21.23415258007117,
    "sentKBytesPerSec" : 9.28255671708185
  },
  "Total" : {
    "transaction" : "Total",
    "sampleCount" : 50,
    "errorCount" : 0,
    "errorPct" : 0.0,
    "meanResTime" : 388.38000000000005,
    "medianResTime" : 40.0,
    "minResTime" : 33.0,
    "maxResTime" : 1878.0,
    "pct1ResTime" : 1761.3999999999999,
    "pct2ResTime" : 1830.35,
    "pct3ResTime" : 1878.0,
    "throughput" : 24.1196333815726,
    "receivedKBytesPerSec" : 4324.607396436324,
    "sentKBytesPerSec" : 6.8825750723589
  },
  "Get Book" : {
    "transaction" : "Get Book",
    "sampleCount" : 10,
    "errorCount" : 0,
    "errorPct" : 0.0,
    "meanResTime" : 82.0,
    "medianResTime" : 79.5,
    "minResTime" : 68.0,
    "maxResTime" : 95.0,
    "pct1ResTime" : 94.8,
    "pct2ResTime" : 95.0,
    "pct3ResTime" : 95.0,
    "throughput" : 31.645569620253166,
    "receivedKBytesPerSec" : 159.81939774525316,
    "sentKBytesPerSec" : 5.596692049050633
  }
}